i_index unit1 scale1,j_index unit1 scale1,k_index unit1 scale1,x_coord unit1 scale1,y_coord unit1 scale1,z_coord unit1 scale1,S2X4_FACIES unit1 scale1,S2X4_POR unit1 scale1
32,59,32,47860.0,50380.0,-2879.25228882,0.0,0.894537
32,59,33,47860.0,50380.0,-2883.61260986,0.0,0.0
32,59,34,47860.0,50380.0,-2887.97296143,0.0,0.0
32,59,35,47860.0,50380.0,-2892.33328247,0.0,0.0
32,59,36,47860.0,50380.0,-2896.693573,0.0,0.0
32,59,37,47860.0,50380.0,-2901.05389404,3.0,0.0
32,59,38,47860.0,50380.0,-2905.41418457,1.0,8.955418
32,70,32,47860.0,50820.0,-2608.66000366,1.0,0.0
32,70,33,47860.0,50820.0,-2612.5993042,1.0,0.0
32,70,34,47860.0,50820.0,-2616.53863525,2.0,0.0
32,70,35,47860.0,50820.0,-2620.47802734,1.0,0.0
32,70,36,47860.0,50820.0,-2624.41741943,0.0,0.0
32,70,37,47860.0,50820.0,-2628.35671997,1.0,0.0
32,70,38,47860.0,50820.0,-2632.29602051,0.0,0.0
34,51,32,47940.0,50060.0,-2820.87994385,3.0,9.850677
34,51,33,47940.0,50060.0,-2827.81698608,0.0,11.502447
34,51,34,47940.0,50060.0,-2834.7539978,0.0,2.66503
34,60,32,47940.0,50420.0,-2886.80465698,0.0,0.0
34,60,33,47940.0,50420.0,-2890.5619812,2.0,0.0
34,60,34,47940.0,50420.0,-2894.31930542,0.0,0.0
35,51,32,47980.0,50060.0,-2826.24169922,2.0,6.688487
35,51,33,47980.0,50060.0,-2833.29074097,0.0,0.0
35,51,34,47980.0,50060.0,-2840.3397522,0.0,17.184805
35,51,35,47980.0,50060.0,-2847.38882446,1.0,3.028425
35,51,36,47980.0,50060.0,-2854.43789673,2.0,0.0
35,51,37,47980.0,50060.0,-2861.48693848,0.0,0.0
35,59,32,47980.0,50380.0,-2886.14904785,0.0,0.0
35,59,33,47980.0,50380.0,-2889.79858398,2.0,0.0
35,59,34,47980.0,50380.0,-2893.44812012,0.0,0.0
35,59,35,47980.0,50380.0,-2897.09768677,0.0,0.0
35,59,36,47980.0,50380.0,-2900.74725342,2.0,0.0
35,59,37,47980.0,50380.0,-2904.39678955,1.0,0.0
35,59,38,47980.0,50380.0,-2908.04632568,1.0,0.0
35,74,32,47980.0,50980.0,-2640.71472168,1.0,4.046553
35,74,33,47980.0,50980.0,-2644.9508667,2.0,16.358208
35,74,34,47980.0,50980.0,-2649.18707275,2.0,4.420651
35,74,35,47980.0,50980.0,-2653.42324829,2.0,11.968514
35,74,36,47980.0,50980.0,-2657.65939331,1.0,8.783711
35,74,37,47980.0,50980.0,-2661.89553833,0.0,4.454466
35,74,38,47980.0,50980.0,-2666.13174438,0.0,5.717643
37,76,32,48060.0,51060.0,-2667.7286377,1.0,9.144349
37,76,33,48060.0,51060.0,-2671.60021973,1.0,11.023342
37,76,34,48060.0,51060.0,-2675.47183228,0.0,0.0
37,76,35,48060.0,51060.0,-2679.34344482,3.0,0.0
37,76,36,48060.0,51060.0,-2683.21505737,3.0,11.800136
37,76,37,48060.0,51060.0,-2687.08670044,0.0,9.26748
37,76,38,48060.0,51060.0,-2690.95831299,0.0,7.83442
38,66,32,48100.0,50660.0,-2651.79360962,3.0,21.075676
38,66,33,48100.0,50660.0,-2656.03790283,1.0,24.361637
38,66,34,48100.0,50660.0,-2660.28222656,0.0,19.470308
38,66,35,48100.0,50660.0,-2664.52658081,1.0,21.470928
38,66,36,48100.0,50660.0,-2668.77090454,1.0,20.663008
38,66,37,48100.0,50660.0,-2673.01522827,1.0,19.99169
38,66,38,48100.0,50660.0,-2677.25952148,0.0,18.579954
38,70,32,48100.0,50820.0,-2648.50912476,2.0,8.560477
38,70,33,48100.0,50820.0,-2652.68661499,1.0,5.904039
38,70,34,48100.0,50820.0,-2656.86410522,2.0,3.624516
38,70,35,48100.0,50820.0,-2661.04162598,2.0,18.327084
38,70,36,48100.0,50820.0,-2665.21914673,2.0,14.55737
38,70,37,48100.0,50820.0,-2669.396698,2.0,8.732115
38,70,38,48100.0,50820.0,-2673.57421875,0.0,2.941422
38,77,32,48100.0,51100.0,-2646.57293701,2.0,11.872405
38,77,33,48100.0,51100.0,-2650.67590332,1.0,6.387804
38,79,32,48100.0,51180.0,-2656.3503418,0.0,0.0
38,79,33,48100.0,51180.0,-2660.60668945,1.0,1.246029
38,79,34,48100.0,51180.0,-2664.86303711,1.0,5.354984
38,79,35,48100.0,51180.0,-2669.1194458,3.0,10.071409
38,79,36,48100.0,51180.0,-2673.37585449,0.0,0.0
38,79,37,48100.0,51180.0,-2677.63220215,0.0,0.0
38,79,38,48100.0,51180.0,-2681.8885498,0.0,0.0
39,73,32,48140.0,50940.0,-2669.55395508,0.0,0.0
39,73,33,48140.0,50940.0,-2674.22631836,0.0,0.0
39,73,34,48140.0,50940.0,-2678.89868164,0.0,0.0
39,73,35,48140.0,50940.0,-2683.57104492,0.0,0.0
39,73,36,48140.0,50940.0,-2688.2434082,1.0,0.0
39,73,37,48140.0,50940.0,-2692.915802,0.0,0.0
39,73,38,48140.0,50940.0,-2697.58816528,0.0,0.0
39,85,32,48140.0,51420.0,-2703.15701294,0.0,0.0
39,85,33,48140.0,51420.0,-2707.14593506,0.0,0.0
39,85,34,48140.0,51420.0,-2711.1348877,1.0,8.898774
39,85,35,48140.0,51420.0,-2715.12380981,2.0,11.012576
39,85,36,48140.0,51420.0,-2719.11273193,2.0,5.832223
39,85,37,48140.0,51420.0,-2723.10159302,0.0,12.468775
39,85,38,48140.0,51420.0,-2727.09051514,1.0,2.595447
40,56,32,48180.0,50260.0,-2807.74334717,0.0,0.0
40,56,33,48180.0,50260.0,-2811.62356567,0.0,0.0
40,56,34,48180.0,50260.0,-2815.50378418,0.0,1.593504
40,56,35,48180.0,50260.0,-2819.3840332,2.0,4.925689
40,56,36,48180.0,50260.0,-2823.26422119,1.0,5.979124
40,56,37,48180.0,50260.0,-2827.14440918,0.0,0.0
40,56,38,48180.0,50260.0,-2831.0246582,0.0,0.0
40,82,32,48180.0,51300.0,-2692.24642944,0.0,0.0
40,82,33,48180.0,51300.0,-2696.61978149,1.0,3.855633
40,82,34,48180.0,51300.0,-2700.99313354,1.0,6.757111
40,82,35,48180.0,51300.0,-2705.36645508,2.0,7.136518
40,82,36,48180.0,51300.0,-2709.73974609,1.0,8.395831
40,82,37,48180.0,51300.0,-2714.11306763,0.0,0.0
40,82,38,48180.0,51300.0,-2718.48641968,0.0,0.0
41,66,32,48220.0,50660.0,-2664.79577637,0.0,0.0
41,66,33,48220.0,50660.0,-2669.70935059,0.0,0.0
41,66,34,48220.0,50660.0,-2674.62289429,0.0,0.0
41,66,35,48220.0,50660.0,-2679.53640747,1.0,0.0
41,66,36,48220.0,50660.0,-2684.44998169,3.0,0.0
41,66,37,48220.0,50660.0,-2689.36355591,3.0,4.05773
41,66,38,48220.0,50660.0,-2694.27709961,2.0,2.539343
41,88,33,48220.0,51540.0,-2667.15118408,1.0,0.0
41,88,34,48220.0,51540.0,-2671.29669189,1.0,0.0
41,88,35,48220.0,51540.0,-2675.44226074,2.0,0.0
41,88,36,48220.0,51540.0,-2679.58782959,1.0,0.0
41,88,37,48220.0,51540.0,-2683.73330688,1.0,0.0
41,88,38,48220.0,51540.0,-2687.87884521,3.0,0.0
41,93,35,48220.0,51740.0,-2683.83218384,2.0,0.0
41,94,35,48220.0,51780.0,-2686.63729858,2.0,0.0
41,94,36,48220.0,51780.0,-2690.7074585,1.0,0.0
41,94,37,48220.0,51780.0,-2694.77764893,1.0,0.0
41,94,38,48220.0,51780.0,-2698.84783936,1.0,0.0
42,88,32,48260.0,51540.0,-2668.96032715,1.0,0.0
42,88,33,48260.0,51540.0,-2673.45498657,1.0,0.0
42,92,32,48260.0,51700.0,-2676.37322998,2.0,0.0
42,92,33,48260.0,51700.0,-2680.61499023,2.0,0.0
42,92,34,48260.0,51700.0,-2684.85678101,2.0,6.844772
42,92,35,48260.0,51700.0,-2689.09848022,2.0,3.991914
42,92,36,48260.0,51700.0,-2693.34024048,1.0,17.9953
42,92,37,48260.0,51700.0,-2697.58200073,1.0,7.276272
42,92,38,48260.0,51700.0,-2701.82373047,3.0,2.441265
42,93,32,48260.0,51740.0,-2677.9274292,2.0,0.0
42,93,33,48260.0,51740.0,-2682.18307495,2.0,0.0
42,93,34,48260.0,51740.0,-2686.4387207,1.0,0.0
42,93,35,48260.0,51740.0,-2690.69430542,2.0,0.0
43,71,32,48300.0,50860.0,-2683.68521118,0.0,1.821421
43,71,33,48300.0,50860.0,-2688.34033203,2.0,11.934955
43,71,34,48300.0,50860.0,-2692.99542236,2.0,9.07012
43,71,35,48300.0,50860.0,-2697.65048218,1.0,4.732492
43,71,36,48300.0,50860.0,-2702.30554199,1.0,3.925403
43,71,37,48300.0,50860.0,-2706.96063232,1.0,7.146258
43,71,38,48300.0,50860.0,-2711.61572266,0.0,3.978164
44,65,32,48340.0,50620.0,-2672.16668701,1.0,1.246225
44,65,33,48340.0,50620.0,-2677.15536499,0.0,4.323536
44,65,34,48340.0,50620.0,-2682.14404297,0.0,3.312819
44,65,35,48340.0,50620.0,-2687.13269043,0.0,0.0
44,65,36,48340.0,50620.0,-2692.12133789,2.0,9.60726
44,65,37,48340.0,50620.0,-2697.11001587,1.0,10.476816
44,65,38,48340.0,50620.0,-2702.09866333,0.0,0.0
44,74,38,48340.0,50980.0,-2683.25952148,0.0,0.0
44,78,32,48340.0,51140.0,-2687.144104,0.0,0.0
44,78,33,48340.0,51140.0,-2692.04718018,1.0,2.746646
44,78,34,48340.0,51140.0,-2696.95028687,1.0,4.401731
44,78,35,48340.0,51140.0,-2701.85339355,3.0,13.751529
44,78,36,48340.0,51140.0,-2706.75646973,0.0,1.619148
44,78,37,48340.0,51140.0,-2711.6595459,3.0,8.328677
44,78,38,48340.0,51140.0,-2716.56265259,3.0,8.066763
44,84,32,48340.0,51380.0,-2742.89620972,1.0,4.662583
44,84,33,48340.0,51380.0,-2748.27496338,1.0,4.75048
44,84,34,48340.0,51380.0,-2753.65368652,1.0,4.787982
44,84,35,48340.0,51380.0,-2759.03240967,1.0,3.584905
44,84,36,48340.0,51380.0,-2764.41116333,1.0,7.659716
44,84,37,48340.0,51380.0,-2769.78994751,1.0,18.193893
44,84,38,48340.0,51380.0,-2775.16870117,0.0,4.368497
44,92,32,48340.0,51700.0,-2690.48928833,1.0,1.933792
44,92,33,48340.0,51700.0,-2695.17529297,3.0,14.965474
44,92,34,48340.0,51700.0,-2699.86126709,1.0,1.686208
44,92,35,48340.0,51700.0,-2704.54724121,0.0,0.0
44,92,36,48340.0,51700.0,-2709.23321533,3.0,5.606643
44,92,37,48340.0,51700.0,-2713.91918945,3.0,19.602901
44,92,38,48340.0,51700.0,-2718.60519409,1.0,1.950252
45,49,32,48380.0,49980.0,-2838.00888062,1.0,0.955462
45,49,33,48380.0,49980.0,-2842.74328613,0.0,0.0
45,49,34,48380.0,49980.0,-2847.47772217,0.0,3.479856
45,49,35,48380.0,49980.0,-2852.21218872,2.0,7.827655
45,49,36,48380.0,49980.0,-2856.94659424,1.0,3.252373
45,49,37,48380.0,49980.0,-2861.68096924,1.0,7.485371
45,49,38,48380.0,49980.0,-2866.41540527,0.0,2.494077
45,61,33,48380.0,50460.0,-2682.04714966,1.0,9.099004
45,61,34,48380.0,50460.0,-2686.33154297,1.0,0.0
45,61,35,48380.0,50460.0,-2690.61602783,1.0,4.96748
45,61,36,48380.0,50460.0,-2694.9005127,2.0,6.583874
45,61,37,48380.0,50460.0,-2699.18496704,0.0,10.275961
45,61,38,48380.0,50460.0,-2703.46942139,0.0,9.54855
45,64,36,48380.0,50580.0,-2694.19116211,1.0,7.57094
45,64,37,48380.0,50580.0,-2699.00881958,1.0,5.453429
45,64,38,48380.0,50580.0,-2703.82644653,0.0,4.15906
45,66,32,48380.0,50660.0,-2675.21768188,2.0,2.143857
45,66,33,48380.0,50660.0,-2680.39639282,0.0,2.638097
45,66,34,48380.0,50660.0,-2685.57513428,0.0,0.0
45,66,35,48380.0,50660.0,-2690.7538147,0.0,0.0
45,66,36,48380.0,50660.0,-2695.93249512,2.0,5.116563
45,66,37,48380.0,50660.0,-2701.11123657,3.0,13.634954
45,66,38,48380.0,50660.0,-2706.28994751,0.0,0.0
45,67,38,48380.0,50700.0,-2708.03485107,0.0,0.0
45,74,34,48380.0,50980.0,-2669.7013855,2.0,0.0
45,74,35,48380.0,50980.0,-2673.9992981,2.0,0.0
45,74,36,48380.0,50980.0,-2678.29724121,0.0,0.0
45,74,37,48380.0,50980.0,-2682.59518433,2.0,0.0
45,74,38,48380.0,50980.0,-2686.89312744,0.0,0.0
45,97,16,48380.0,51900.0,-2644.29046631,0.0,0.0
46,61,32,48420.0,50460.0,-2680.34191895,0.0,4.700167
46,61,33,48420.0,50460.0,-2684.59091187,1.0,9.099004
46,62,32,48420.0,50500.0,-2678.88861084,0.0,4.700167
46,72,38,48420.0,50900.0,-2729.5675354,0.0,8.665269
46,74,32,48420.0,50980.0,-2662.51663208,1.0,0.0
46,88,32,48420.0,51540.0,-2693.19656372,1.0,1.863389
46,88,33,48420.0,51540.0,-2697.57278442,1.0,3.348413
46,88,34,48420.0,51540.0,-2701.94906616,1.0,8.035038
46,88,35,48420.0,51540.0,-2706.32531738,2.0,10.349429
46,88,36,48420.0,51540.0,-2710.70153809,1.0,10.961067
46,88,37,48420.0,51540.0,-2715.07781982,1.0,8.196797
46,88,38,48420.0,51540.0,-2719.45410156,1.0,8.060792
46,97,32,48420.0,51900.0,-2623.41741943,1.0,1.110448
46,97,33,48420.0,51900.0,-2627.46832275,1.0,1.382108
46,97,34,48420.0,51900.0,-2631.51922607,2.0,3.421901
46,97,35,48420.0,51900.0,-2635.57009888,2.0,14.662125
46,97,36,48420.0,51900.0,-2639.62097168,0.0,1.010701
46,97,37,48420.0,51900.0,-2643.671875,0.0,0.0
46,100,32,48420.0,52020.0,-2616.42733765,0.0,0.0
46,101,32,48420.0,52060.0,-2610.75930786,1.0,6.606377
46,101,33,48420.0,52060.0,-2615.19076538,2.0,6.60219
46,101,34,48420.0,52060.0,-2619.6222229,2.0,4.982022
46,101,35,48420.0,52060.0,-2624.05368042,1.0,7.622659
46,101,36,48420.0,52060.0,-2628.48516846,0.0,13.672096
46,101,37,48420.0,52060.0,-2632.91665649,2.0,7.313665
46,101,38,48420.0,52060.0,-2637.34811401,0.0,13.75091
48,63,32,48500.0,50540.0,-2683.35681152,0.0,6.098247
48,63,33,48500.0,50540.0,-2687.8878479,1.0,4.980265
48,63,34,48500.0,50540.0,-2692.41888428,1.0,6.662758
48,63,35,48500.0,50540.0,-2696.94989014,1.0,5.457897
48,63,36,48500.0,50540.0,-2701.480896,1.0,7.900925
48,63,37,48500.0,50540.0,-2706.01187134,1.0,5.440382
48,63,38,48500.0,50540.0,-2710.5428772,0.0,0.0
48,69,32,48500.0,50780.0,-2700.63659668,0.0,0.0
48,69,33,48500.0,50780.0,-2704.67758179,0.0,0.0
48,69,34,48500.0,50780.0,-2708.71850586,0.0,0.0
48,69,35,48500.0,50780.0,-2712.75949097,1.0,0.0
48,69,36,48500.0,50780.0,-2716.80050659,1.0,7.818464
48,69,37,48500.0,50780.0,-2720.84143066,0.0,5.790975
48,69,38,48500.0,50780.0,-2724.88241577,0.0,0.0
48,70,32,48500.0,50820.0,-2705.35745239,0.0,0.0
48,70,33,48500.0,50820.0,-2709.11932373,0.0,0.0
48,70,34,48500.0,50820.0,-2712.88116455,0.0,0.0
48,70,35,48500.0,50820.0,-2716.64303589,0.0,0.0
48,70,36,48500.0,50820.0,-2720.40490723,1.0,0.0
48,70,37,48500.0,50820.0,-2724.16677856,0.0,0.0
48,70,38,48500.0,50820.0,-2727.92868042,0.0,2.200531
48,80,32,48500.0,51220.0,-2726.09835815,0.0,0.0
48,80,33,48500.0,51220.0,-2731.41009521,3.0,7.453247
48,80,34,48500.0,51220.0,-2736.72177124,2.0,8.995367
48,80,35,48500.0,51220.0,-2742.03341675,2.0,13.469624
48,80,36,48500.0,51220.0,-2747.34512329,1.0,6.42276
48,80,37,48500.0,51220.0,-2752.65686035,3.0,6.732321
48,80,38,48500.0,51220.0,-2757.96850586,0.0,0.861139
48,101,32,48500.0,52060.0,-2622.29678345,3.0,4.254654
48,101,33,48500.0,52060.0,-2626.90475464,3.0,16.60861
48,101,34,48500.0,52060.0,-2631.51272583,1.0,3.625746
48,101,35,48500.0,52060.0,-2636.12063599,3.0,15.278186
48,101,36,48500.0,52060.0,-2640.72851562,0.0,0.821793
48,101,37,48500.0,52060.0,-2645.33642578,2.0,7.062027
48,101,38,48500.0,52060.0,-2649.94439697,0.0,0.0
48,105,32,48500.0,52220.0,-2611.43093872,0.0,0.0
48,105,33,48500.0,52220.0,-2616.4453125,1.0,7.203783
48,105,34,48500.0,52220.0,-2621.4597168,1.0,9.865205
48,105,35,48500.0,52220.0,-2626.47406006,1.0,9.155621
48,105,36,48500.0,52220.0,-2631.4883728,3.0,9.148255
48,105,37,48500.0,52220.0,-2636.50274658,3.0,9.630813
48,105,38,48500.0,52220.0,-2641.51712036,3.0,20.655659
49,65,32,48540.0,50620.0,-2688.40103149,0.0,3.577722
49,65,33,48540.0,50620.0,-2693.20220947,0.0,3.359807
49,65,34,48540.0,50620.0,-2698.00341797,3.0,20.522614
49,65,35,48540.0,50620.0,-2702.80465698,0.0,9.746449
49,65,36,48540.0,50620.0,-2707.60586548,1.0,10.136724
49,65,37,48540.0,50620.0,-2712.40704346,3.0,7.985908
49,107,32,48540.0,52300.0,-2613.8253479,0.0,0.0
49,107,33,48540.0,52300.0,-2618.96032715,0.0,12.713387
49,107,34,48540.0,52300.0,-2624.09533691,3.0,2.062048
49,107,35,48540.0,52300.0,-2629.23031616,1.0,4.757218
49,107,36,48540.0,52300.0,-2634.36529541,0.0,7.822872
49,107,37,48540.0,52300.0,-2639.50030518,3.0,13.654769
49,107,38,48540.0,52300.0,-2644.63528442,3.0,22.200058
50,87,32,48580.0,51500.0,-2707.96057129,3.0,0.0
50,87,33,48580.0,51500.0,-2711.48422241,3.0,21.101158
50,87,34,48580.0,51500.0,-2715.0078125,0.0,18.676506
50,87,35,48580.0,51500.0,-2718.53140259,3.0,0.0
50,87,36,48580.0,51500.0,-2722.05499268,0.0,0.0
50,87,37,48580.0,51500.0,-2725.57861328,0.0,12.866075
50,87,38,48580.0,51500.0,-2729.1022644,2.0,6.31514
50,107,32,48580.0,52300.0,-2620.72692871,0.0,0.0
50,110,32,48580.0,52420.0,-2617.4732666,3.0,19.400707
50,110,33,48580.0,52420.0,-2622.03503418,2.0,8.34455
50,110,34,48580.0,52420.0,-2626.59686279,1.0,5.556732
50,110,35,48580.0,52420.0,-2631.15869141,3.0,13.963654
50,110,36,48580.0,52420.0,-2635.72052002,1.0,1.679078
50,110,37,48580.0,52420.0,-2640.28234863,3.0,23.299414
50,111,37,48580.0,52460.0,-2637.80163574,3.0,23.299414
50,111,38,48580.0,52460.0,-2642.02578735,3.0,19.376707
51,69,32,48620.0,50780.0,-2708.59442139,0.0,0.0
51,69,33,48620.0,50780.0,-2712.90551758,0.0,0.0
51,69,34,48620.0,50780.0,-2717.21661377,0.0,0.0
51,69,35,48620.0,50780.0,-2721.52770996,1.0,4.824569
51,69,36,48620.0,50780.0,-2725.83883667,0.0,0.0
51,69,37,48620.0,50780.0,-2730.14990234,1.0,5.332209
51,69,38,48620.0,50780.0,-2734.46099854,0.0,0.0
51,79,33,48620.0,51180.0,-2735.21307373,2.0,4.558292
51,79,34,48620.0,51180.0,-2740.49951172,2.0,12.644442
51,79,35,48620.0,51180.0,-2745.78588867,2.0,12.330945
51,79,36,48620.0,51180.0,-2751.07229614,1.0,9.683354
51,79,37,48620.0,51180.0,-2756.35870361,1.0,11.234164
51,79,38,48620.0,51180.0,-2761.64511108,1.0,9.009583
51,80,32,48620.0,51220.0,-2740.99313354,0.0,0.434153
51,80,33,48620.0,51220.0,-2746.07669067,2.0,4.558292
51,84,32,48620.0,51380.0,-2675.19061279,0.0,0.0
51,84,33,48620.0,51380.0,-2680.59240723,3.0,16.382555
51,84,34,48620.0,51380.0,-2685.99423218,3.0,10.830345
51,84,35,48620.0,51380.0,-2691.39593506,3.0,8.67541
51,84,36,48620.0,51380.0,-2696.79766846,1.0,11.189548
51,84,37,48620.0,51380.0,-2702.19949341,2.0,9.004807
51,84,38,48620.0,51380.0,-2707.60128784,2.0,6.681791
51,87,32,48620.0,51500.0,-2708.04855347,3.0,0.0
51,90,32,48620.0,51620.0,-2728.50125122,0.0,0.0
51,90,33,48620.0,51620.0,-2731.75860596,1.0,2.1192
51,90,34,48620.0,51620.0,-2735.01596069,0.0,10.81422
51,90,35,48620.0,51620.0,-2738.27334595,2.0,10.779973
51,90,36,48620.0,51620.0,-2741.5307312,3.0,10.800782
51,90,37,48620.0,51620.0,-2744.78811646,3.0,6.582698
51,90,38,48620.0,51620.0,-2748.04550171,2.0,18.727127
51,97,32,48620.0,51900.0,-2643.03756714,1.0,7.921271
51,97,33,48620.0,51900.0,-2648.17736816,0.0,4.131285
51,97,34,48620.0,51900.0,-2653.31719971,0.0,3.290486
51,97,35,48620.0,51900.0,-2658.45703125,1.0,3.993011
51,97,36,48620.0,51900.0,-2663.59683228,0.0,4.16203
51,97,37,48620.0,51900.0,-2668.73666382,2.0,7.254767
51,97,38,48620.0,51900.0,-2673.87646484,0.0,0.0
51,98,38,48620.0,51940.0,-2669.79922485,0.0,0.0
52,58,32,48660.0,50340.0,-2754.64328003,0.0,0.0
52,58,33,48660.0,50340.0,-2758.42892456,0.0,0.0
52,58,34,48660.0,50340.0,-2762.21463013,0.0,7.316364
52,58,35,48660.0,50340.0,-2766.00030518,3.0,12.23142
52,58,36,48660.0,50340.0,-2769.78594971,1.0,8.881933
52,59,36,48660.0,50380.0,-2753.48168945,1.0,8.881933
52,59,37,48660.0,50380.0,-2757.89254761,2.0,9.148302
52,59,38,48660.0,50380.0,-2762.3034668,0.0,0.0
52,77,32,48660.0,51100.0,-2711.73522949,1.0,0.615209
52,77,33,48660.0,51100.0,-2717.04040527,0.0,1.295566
52,77,34,48660.0,51100.0,-2722.34552002,2.0,3.768801
52,77,35,48660.0,51100.0,-2727.65060425,3.0,8.511377
52,77,36,48660.0,51100.0,-2732.95574951,0.0,0.0
52,77,37,48660.0,51100.0,-2738.26089478,1.0,4.241418
52,77,38,48660.0,51100.0,-2743.565979,0.0,0.0
52,96,33,48660.0,51860.0,-2649.29864502,0.0,0.0
52,96,34,48660.0,51860.0,-2652.18188477,0.0,3.253261
52,96,35,48660.0,51860.0,-2657.13186646,0.0,0.0
52,96,36,48660.0,51860.0,-2662.08184814,0.0,0.0
52,96,37,48660.0,51860.0,-2667.03182983,1.0,1.756287
52,96,38,48660.0,51860.0,-2671.98184204,0.0,6.26633
52,96,39,48660.0,51860.0,-2676.93182373,1.0,1.894682
52,96,40,48660.0,51860.0,-2681.8817749,0.0,0.921307
52,118,32,48660.0,52740.0,-2621.16299438,0.0,0.0
52,118,33,48660.0,52740.0,-2625.12176514,0.0,4.888972
52,118,34,48660.0,52740.0,-2629.08050537,1.0,4.978463
52,118,35,48660.0,52740.0,-2633.03930664,3.0,10.952748
52,118,36,48660.0,52740.0,-2636.99810791,0.0,0.0
52,118,37,48660.0,52740.0,-2640.95687866,2.0,8.901543
52,118,38,48660.0,52740.0,-2644.91567993,0.0,0.0
53,74,32,48700.0,50980.0,-2682.25900269,0.0,0.0
53,74,33,48700.0,50980.0,-2687.33154297,1.0,0.0
53,74,34,48700.0,50980.0,-2692.40411377,1.0,3.802328
53,74,35,48700.0,50980.0,-2697.47662354,1.0,2.456136
53,74,36,48700.0,50980.0,-2702.54910278,1.0,2.033734
53,74,37,48700.0,50980.0,-2707.62155151,1.0,9.868204
53,74,38,48700.0,50980.0,-2712.69406128,3.0,1.983258
53,86,32,48700.0,51460.0,-2692.01635742,0.0,0.0
53,86,33,48700.0,51460.0,-2697.0401001,0.0,0.0
53,86,34,48700.0,51460.0,-2702.06384277,0.0,0.0
53,86,35,48700.0,51460.0,-2707.08755493,0.0,0.0
53,86,36,48700.0,51460.0,-2712.11129761,0.0,0.0
53,86,37,48700.0,51460.0,-2717.13504028,3.0,14.447199
53,86,38,48700.0,51460.0,-2722.15878296,0.0,9.378937
53,113,32,48700.0,52540.0,-2639.97387695,2.0,2.773967
53,113,33,48700.0,52540.0,-2644.32107544,1.0,3.253717
53,113,34,48700.0,52540.0,-2648.66827393,2.0,11.84419
53,113,35,48700.0,52540.0,-2653.01544189,2.0,7.879633
53,113,36,48700.0,52540.0,-2657.36260986,0.0,1.606076
54,66,32,48740.0,50660.0,-2711.95199585,0.0,0.0
54,66,33,48740.0,50660.0,-2716.62304688,0.0,0.0
54,66,34,48740.0,50660.0,-2721.2940979,0.0,0.0
54,66,35,48740.0,50660.0,-2725.96511841,0.0,0.0
54,66,36,48740.0,50660.0,-2730.63619995,0.0,9.422228
54,66,37,48740.0,50660.0,-2735.30725098,2.0,5.024595
54,66,38,48740.0,50660.0,-2739.97833252,1.0,4.163149
54,73,32,48740.0,50940.0,-2675.1741333,0.0,6.518985
54,73,33,48740.0,50940.0,-2679.95907593,1.0,4.495
54,73,34,48740.0,50940.0,-2684.74401855,2.0,8.375274
54,73,35,48740.0,50940.0,-2689.52896118,2.0,1.886386
54,73,36,48740.0,50940.0,-2694.31390381,1.0,6.372014
54,73,37,48740.0,50940.0,-2699.09884644,3.0,0.361493
54,73,38,48740.0,50940.0,-2703.88381958,3.0,5.231792
54,89,32,48740.0,51580.0,-2730.90133667,0.0,1.265974
54,89,33,48740.0,51580.0,-2735.70855713,2.0,8.955987
54,89,34,48740.0,51580.0,-2740.51571655,0.0,4.560647
54,89,35,48740.0,51580.0,-2745.32293701,3.0,12.392299
54,89,36,48740.0,51580.0,-2750.13018799,0.0,0.0
54,89,37,48740.0,51580.0,-2754.93737793,3.0,8.63395
54,89,38,48740.0,51580.0,-2759.74456787,0.0,0.808357
54,103,32,48740.0,52140.0,-2655.60791016,2.0,7.430158
54,103,33,48740.0,52140.0,-2660.82977295,1.0,3.943133
54,103,34,48740.0,52140.0,-2666.05163574,2.0,7.726436
54,103,35,48740.0,52140.0,-2671.27346802,1.0,6.510295
54,103,36,48740.0,52140.0,-2676.49530029,0.0,4.89491
54,103,37,48740.0,52140.0,-2681.71716309,1.0,6.615761
54,103,38,48740.0,52140.0,-2686.93902588,2.0,8.266169
54,126,32,48740.0,53060.0,-2626.37661743,1.0,0.0
54,126,33,48740.0,53060.0,-2630.40707397,1.0,0.0
54,126,34,48740.0,53060.0,-2634.43753052,2.0,1.986051
54,126,35,48740.0,53060.0,-2638.46798706,1.0,11.820523
54,126,36,48740.0,53060.0,-2642.49841309,0.0,3.242976
54,126,37,48740.0,53060.0,-2646.52886963,1.0,11.634333
54,126,38,48740.0,53060.0,-2650.55932617,0.0,0.0
55,62,38,48780.0,50500.0,-2719.08752441,0.0,0.0
55,63,32,48780.0,50540.0,-2718.37322998,0.0,14.03727
55,63,33,48780.0,50540.0,-2722.49273682,2.0,0.0
55,63,34,48780.0,50540.0,-2726.61218262,0.0,1.969948
55,63,35,48780.0,50540.0,-2730.73162842,3.0,9.613076
55,63,36,48780.0,50540.0,-2734.85113525,3.0,22.71595
55,63,37,48780.0,50540.0,-2738.97061157,3.0,17.639063
55,63,38,48780.0,50540.0,-2743.09011841,0.0,0.0
55,73,32,48780.0,50940.0,-2678.2543335,0.0,16.512657
55,73,33,48780.0,50940.0,-2683.02374268,1.0,21.94589
55,73,34,48780.0,50940.0,-2687.79312134,1.0,19.806742
55,73,35,48780.0,50940.0,-2692.5625,1.0,19.48111
55,73,36,48780.0,50940.0,-2697.33190918,1.0,20.44175
55,73,37,48780.0,50940.0,-2702.10134888,1.0,18.535091
55,73,38,48780.0,50940.0,-2706.87075806,1.0,17.562168
55,94,32,48780.0,51780.0,-2653.05810547,0.0,0.0
55,94,33,48780.0,51780.0,-2657.91012573,2.0,4.650908
55,94,34,48780.0,51780.0,-2662.762146,0.0,12.413117
55,94,35,48780.0,51780.0,-2667.61416626,2.0,0.613583
55,108,32,48780.0,52340.0,-2654.24185181,1.0,10.356814
55,108,33,48780.0,52340.0,-2659.11062622,1.0,11.893395
55,108,34,48780.0,52340.0,-2663.97940063,1.0,10.328753
55,108,35,48780.0,52340.0,-2668.84817505,1.0,15.752837
55,108,36,48780.0,52340.0,-2673.71694946,1.0,3.703144
55,108,37,48780.0,52340.0,-2678.58569336,1.0,12.923208
55,108,38,48780.0,52340.0,-2683.45446777,2.0,14.487841
55,121,32,48780.0,52860.0,-2653.50204468,3.0,3.315833
55,121,33,48780.0,52860.0,-2657.72198486,3.0,6.393593
55,121,34,48780.0,52860.0,-2661.94195557,2.0,7.148815
55,121,35,48780.0,52860.0,-2666.16189575,3.0,9.424905
55,121,36,48780.0,52860.0,-2670.38183594,0.0,11.841814
55,121,37,48780.0,52860.0,-2674.60180664,1.0,5.280317
55,121,38,48780.0,52860.0,-2678.82171631,0.0,6.773033
55,124,32,48780.0,52980.0,-2642.86627197,3.0,10.096273
55,124,33,48780.0,52980.0,-2647.96182251,0.0,4.519651
55,124,34,48780.0,52980.0,-2653.05728149,3.0,10.533632
56,60,32,48820.0,50420.0,-2721.36407471,1.0,1.969707
56,60,33,48820.0,50420.0,-2726.15274048,1.0,5.61622
56,60,34,48820.0,50420.0,-2730.94134521,1.0,5.106632
56,60,35,48820.0,50420.0,-2735.72998047,1.0,0.303241
56,60,36,48820.0,50420.0,-2740.51867676,1.0,3.863868
56,60,37,48820.0,50420.0,-2745.30728149,0.0,6.53808
56,60,38,48820.0,50420.0,-2750.09588623,0.0,0.0
56,65,32,48820.0,50620.0,-2719.20013428,0.0,3.247102
56,65,33,48820.0,50620.0,-2723.70892334,1.0,4.73103
56,65,34,48820.0,50620.0,-2728.21765137,1.0,0.1
56,65,35,48820.0,50620.0,-2732.72634888,2.0,4.1939
56,65,36,48820.0,50620.0,-2737.23510742,0.0,3.497515
56,65,37,48820.0,50620.0,-2741.74386597,2.0,0.1
56,65,38,48820.0,50620.0,-2746.25259399,0.0,14.755687
56,83,35,48820.0,51340.0,-2692.89447021,1.0,2.845828
56,84,32,48820.0,51380.0,-2689.48892212,0.0,0.0
56,84,33,48820.0,51380.0,-2694.36425781,0.0,0.0
56,84,34,48820.0,51380.0,-2699.23956299,0.0,0.0
56,84,35,48820.0,51380.0,-2704.1149292,1.0,3.599821
56,94,35,48820.0,51780.0,-2668.16412354,2.0,9.211701
56,94,36,48820.0,51780.0,-2671.9515686,0.0,5.676274
56,94,37,48820.0,51780.0,-2676.72164917,0.0,16.371399
56,94,38,48820.0,51780.0,-2681.49169922,2.0,5.264383
56,94,39,48820.0,51780.0,-2686.26171875,2.0,6.644435
56,94,40,48820.0,51780.0,-2691.03173828,0.0,2.051969
56,96,36,48820.0,51860.0,-2680.04922485,1.0,3.043613
56,96,37,48820.0,51860.0,-2684.65371704,3.0,10.452285
56,96,38,48820.0,51860.0,-2689.25820923,0.0,4.565462
56,97,38,48820.0,51900.0,-2690.12481689,0.0,4.565462
57,59,32,48860.0,50380.0,-2740.18563843,0.0,2.001743
57,59,33,48860.0,50380.0,-2745.06192017,2.0,5.183206
57,59,34,48860.0,50380.0,-2749.9382019,1.0,5.608504
57,59,35,48860.0,50380.0,-2754.81451416,1.0,4.412138
57,59,36,48860.0,50380.0,-2759.6907959,3.0,19.239605
57,59,37,48860.0,50380.0,-2764.56704712,0.0,14.83255
57,59,38,48860.0,50380.0,-2769.44329834,0.0,0.0
57,73,32,48860.0,50940.0,-2683.30703735,0.0,0.903423
57,73,33,48860.0,50940.0,-2688.10540771,1.0,2.882512
57,73,34,48860.0,50940.0,-2692.90374756,1.0,5.053187
57,73,35,48860.0,50940.0,-2697.7020874,0.0,5.209333
57,73,36,48860.0,50940.0,-2702.50042725,2.0,6.641755
57,73,37,48860.0,50940.0,-2707.29876709,1.0,0.0
57,73,38,48860.0,50940.0,-2712.09710693,3.0,16.37225
57,96,32,48860.0,51860.0,-2663.3946228,1.0,1.510763
57,96,33,48860.0,51860.0,-2668.16574097,1.0,3.949764
57,96,34,48860.0,51860.0,-2672.93685913,2.0,0.76433
57,96,35,48860.0,51860.0,-2677.70800781,2.0,11.459787
57,96,36,48860.0,51860.0,-2682.47912598,1.0,3.043613
57,101,32,48860.0,52060.0,-2670.28329468,0.0,0.0
57,101,33,48860.0,52060.0,-2675.24450684,1.0,5.591389
57,101,34,48860.0,52060.0,-2680.20568848,1.0,2.538924
57,101,35,48860.0,52060.0,-2685.16690063,2.0,0.601129
57,101,36,48860.0,52060.0,-2690.12808228,2.0,3.549096
57,101,37,48860.0,52060.0,-2695.08926392,1.0,8.090906
57,101,38,48860.0,52060.0,-2700.05044556,0.0,0.017346
57,107,37,48860.0,52300.0,-2692.43435669,1.0,7.875249
57,107,38,48860.0,52300.0,-2697.25616455,1.0,5.895572
58,107,32,48900.0,52300.0,-2672.75369263,0.0,0.0
58,107,33,48900.0,52300.0,-2677.45404053,1.0,4.738057
58,107,34,48900.0,52300.0,-2682.15435791,2.0,11.37694
58,107,35,48900.0,52300.0,-2686.85470581,3.0,10.630665
58,107,36,48900.0,52300.0,-2691.55505371,3.0,4.889633
58,107,37,48900.0,52300.0,-2696.25537109,1.0,7.875249
58,114,32,48900.0,52580.0,-2669.07717896,0.0,4.960939
58,114,33,48900.0,52580.0,-2673.70736694,0.0,7.120937
58,114,34,48900.0,52580.0,-2678.33752441,1.0,5.297246
58,114,35,48900.0,52580.0,-2682.96768188,2.0,10.901661
58,114,36,48900.0,52580.0,-2687.59783936,0.0,0.0
58,114,37,48900.0,52580.0,-2692.22802734,2.0,7.984782
58,114,38,48900.0,52580.0,-2696.85818481,0.0,0.0
59,95,32,48940.0,51820.0,-2666.83303833,0.0,0.0
59,95,33,48940.0,51820.0,-2671.88259888,1.0,5.779089
59,95,34,48940.0,51820.0,-2676.93215942,1.0,2.447768
59,95,35,48940.0,51820.0,-2681.98178101,2.0,9.291962
59,95,36,48940.0,51820.0,-2687.03140259,2.0,8.09561
59,95,37,48940.0,51820.0,-2692.08099365,2.0,6.207147
59,95,38,48940.0,51820.0,-2697.1305542,2.0,6.327565
59,112,32,48940.0,52500.0,-2676.22332764,0.0,1.644654
59,112,33,48940.0,52500.0,-2680.95831299,1.0,7.586299
59,112,34,48940.0,52500.0,-2685.69329834,2.0,4.342155
59,112,35,48940.0,52500.0,-2690.42831421,2.0,11.212575
59,112,36,48940.0,52500.0,-2695.16333008,1.0,7.263887
59,112,37,48940.0,52500.0,-2699.89831543,1.0,4.402811
59,112,38,48940.0,52500.0,-2704.63327026,2.0,6.840985
60,55,32,48980.0,50220.0,-2835.00512695,0.0,0.0
60,55,33,48980.0,50220.0,-2837.74005127,0.0,0.0
60,55,34,48980.0,50220.0,-2840.47494507,0.0,0.0
60,55,35,48980.0,50220.0,-2842.50021362,0.0,0.0
60,55,36,48980.0,50220.0,-2843.6875,3.0,0.0
60,55,37,48980.0,50220.0,-2844.29968262,0.0,0.0
60,69,38,48980.0,50780.0,-2756.79190063,0.0,7.320743
60,70,32,48980.0,50820.0,-2732.35470581,0.0,5.572539
60,70,33,48980.0,50820.0,-2736.41421509,0.0,5.725708
60,70,34,48980.0,50820.0,-2740.47375488,1.0,3.953329
60,70,35,48980.0,50820.0,-2744.53326416,0.0,0.0
60,70,36,48980.0,50820.0,-2748.59277344,1.0,0.0
60,70,37,48980.0,50820.0,-2752.65231323,1.0,1.22088
60,70,38,48980.0,50820.0,-2756.71182251,0.0,7.320743
60,81,32,48980.0,51260.0,-2664.82574463,0.0,0.0
60,81,33,48980.0,51260.0,-2669.96234131,0.0,0.0
60,81,34,48980.0,51260.0,-2675.09893799,2.0,8.589795
60,81,35,48980.0,51260.0,-2680.23556519,2.0,5.430604
60,81,36,48980.0,51260.0,-2685.37216187,3.0,9.071159
60,81,37,48980.0,51260.0,-2690.50872803,2.0,7.760839
60,81,38,48980.0,51260.0,-2695.64532471,2.0,6.713282
60,134,32,48980.0,53380.0,-2645.39819336,1.0,19.995991
60,134,33,48980.0,53380.0,-2649.87219238,1.0,7.445353
60,134,34,48980.0,53380.0,-2654.34622192,1.0,2.997774
60,134,35,48980.0,53380.0,-2658.82025146,2.0,16.094669
60,134,36,48980.0,53380.0,-2663.29425049,0.0,0.0
60,134,37,48980.0,53380.0,-2667.76828003,1.0,7.437634
60,134,38,48980.0,53380.0,-2672.24234009,0.0,2.182834
60,140,32,48980.0,53620.0,-2636.65829468,0.0,0.0
60,140,33,48980.0,53620.0,-2642.09866333,2.0,0.0
60,140,34,48980.0,53620.0,-2647.5390625,3.0,0.0
60,140,35,48980.0,53620.0,-2652.97946167,3.0,0.0
60,140,36,48980.0,53620.0,-2658.41983032,3.0,0.0
60,140,37,48980.0,53620.0,-2663.86019897,3.0,0.0
60,140,38,48980.0,53620.0,-2669.30056763,1.0,0.0
60,146,32,48980.0,53860.0,-2607.19488525,0.0,0.0
60,146,33,48980.0,53860.0,-2611.58297729,1.0,0.0
60,146,34,48980.0,53860.0,-2615.97103882,1.0,0.0
60,146,35,48980.0,53860.0,-2620.35910034,2.0,0.0
60,146,36,48980.0,53860.0,-2624.74719238,1.0,0.0
60,146,37,48980.0,53860.0,-2629.13531494,0.0,0.0
60,146,38,48980.0,53860.0,-2633.52337646,1.0,0.0
61,55,32,49020.0,50220.0,-2833.35507202,0.0,0.0
61,77,36,49020.0,51100.0,-2750.51400757,2.0,3.88155
61,77,37,49020.0,51100.0,-2754.75567627,1.0,0.0
61,77,38,49020.0,51100.0,-2758.99734497,0.0,0.0
61,78,32,49020.0,51140.0,-2743.19921875,0.0,0.773258
61,78,33,49020.0,51140.0,-2747.39102173,0.0,9.134842
61,78,34,49020.0,51140.0,-2751.58285522,2.0,14.735463
61,78,35,49020.0,51140.0,-2755.7746582,2.0,9.970316
61,78,36,49020.0,51140.0,-2759.96643066,2.0,3.88155
61,91,32,49020.0,51660.0,-2663.15853882,0.0,0.0
61,91,33,49020.0,51660.0,-2668.14163208,0.0,0.0
61,91,34,49020.0,51660.0,-2673.12469482,3.0,3.107469
61,91,35,49020.0,51660.0,-2678.10775757,3.0,12.819679
61,91,36,49020.0,51660.0,-2683.09082031,3.0,13.22659
61,91,37,49020.0,51660.0,-2688.07388306,1.0,4.102663
61,91,38,49020.0,51660.0,-2693.0569458,3.0,4.153656
61,124,32,49020.0,52980.0,-2690.04199219,1.0,8.537759
61,124,33,49020.0,52980.0,-2695.00097656,1.0,4.827919
61,124,34,49020.0,52980.0,-2699.95999146,2.0,11.16749
61,124,35,49020.0,52980.0,-2704.91900635,1.0,9.996289
61,124,36,49020.0,52980.0,-2709.87799072,0.0,2.837334
61,124,37,49020.0,52980.0,-2714.83700562,2.0,4.419208
61,124,38,49020.0,52980.0,-2719.79602051,0.0,0.0
62,72,33,49060.0,50900.0,-2690.59103394,0.0,0.0
62,72,34,49060.0,50900.0,-2695.58969116,0.0,0.0
62,72,35,49060.0,50900.0,-2700.58837891,0.0,0.0
62,72,36,49060.0,50900.0,-2705.58709717,3.0,18.62042
62,72,37,49060.0,50900.0,-2710.58578491,2.0,9.226326
62,72,38,49060.0,50900.0,-2715.58447266,0.0,0.0
62,73,32,49060.0,50940.0,-2694.69796753,0.0,0.0
62,73,33,49060.0,50940.0,-2699.63525391,0.0,0.0
62,82,32,49060.0,51300.0,-2678.5836792,0.0,2.015202
62,82,33,49060.0,51300.0,-2684.73190308,0.0,0.0
62,82,34,49060.0,51300.0,-2690.88015747,2.0,5.777003
62,82,35,49060.0,51300.0,-2697.02844238,0.0,0.0
62,82,36,49060.0,51300.0,-2703.17669678,2.0,15.80774
62,82,37,49060.0,51300.0,-2709.32495117,2.0,13.577774
62,82,38,49060.0,51300.0,-2715.47323608,3.0,18.540226
62,88,32,49060.0,51540.0,-2738.64321899,0.0,0.0
62,88,33,49060.0,51540.0,-2744.47323608,0.0,7.255182
62,88,34,49060.0,51540.0,-2748.25228882,0.0,0.0
62,100,32,49060.0,52020.0,-2677.49349976,0.0,0.0
62,100,33,49060.0,52020.0,-2682.25985718,1.0,3.158303
62,100,34,49060.0,52020.0,-2687.0262146,2.0,11.9805
62,100,35,49060.0,52020.0,-2691.79260254,3.0,0.647559
62,100,36,49060.0,52020.0,-2696.55892944,3.0,11.962296
62,100,37,49060.0,52020.0,-2701.32528687,3.0,9.430246
62,100,38,49060.0,52020.0,-2706.0916748,1.0,11.509343
62,117,32,49060.0,52700.0,-2707.2098999,0.0,0.0
62,117,33,49060.0,52700.0,-2712.26226807,0.0,8.634866
62,117,34,49060.0,52700.0,-2717.31463623,1.0,4.47267
62,117,35,49060.0,52700.0,-2722.36700439,2.0,13.284122
62,117,36,49060.0,52700.0,-2727.41934204,2.0,10.771603
62,117,37,49060.0,52700.0,-2732.47167969,0.0,0.0
62,118,37,49060.0,52740.0,-2732.37963867,0.0,0.0
62,118,38,49060.0,52740.0,-2737.27612305,0.0,0.0
62,143,32,49060.0,53740.0,-2637.14715576,3.0,7.77197
62,143,33,49060.0,53740.0,-2642.39422607,3.0,15.041451
62,143,34,49060.0,53740.0,-2647.64123535,1.0,8.149547
62,143,35,49060.0,53740.0,-2652.88827515,3.0,6.583501
62,143,36,49060.0,53740.0,-2658.13534546,0.0,9.400137
62,143,37,49060.0,53740.0,-2663.38235474,1.0,2.62704
62,143,38,49060.0,53740.0,-2668.62942505,0.0,0.625444
63,60,32,49100.0,50420.0,-2737.23962402,0.0,0.0
63,60,33,49100.0,50420.0,-2742.19638062,2.0,8.684363
63,60,34,49100.0,50420.0,-2747.15316772,0.0,0.767863
63,60,35,49100.0,50420.0,-2752.10995483,2.0,6.112856
63,60,36,49100.0,50420.0,-2757.06674194,1.0,5.78335
63,60,37,49100.0,50420.0,-2762.02349854,0.0,2.721453
63,60,38,49100.0,50420.0,-2766.98025513,0.0,0.0
63,91,32,49100.0,51660.0,-2666.80401611,0.0,0.0
63,91,33,49100.0,51660.0,-2671.67446899,0.0,0.0
63,91,34,49100.0,51660.0,-2676.54498291,1.0,1.64547
63,91,35,49100.0,51660.0,-2681.41549683,1.0,6.396966
63,91,36,49100.0,51660.0,-2686.28594971,3.0,10.262519
63,91,37,49100.0,51660.0,-2691.15640259,3.0,24.984484
63,91,38,49100.0,51660.0,-2696.02685547,3.0,17.254881
63,99,32,49100.0,51980.0,-2672.62228394,0.0,0.0
63,99,33,49100.0,51980.0,-2677.87957764,1.0,2.365164
63,99,34,49100.0,51980.0,-2683.1368103,1.0,4.892059
63,99,35,49100.0,51980.0,-2688.39413452,1.0,2.939957
63,99,36,49100.0,51980.0,-2693.65142822,1.0,3.038295
63,99,37,49100.0,51980.0,-2698.90872192,3.0,9.948548
63,99,38,49100.0,51980.0,-2704.16607666,0.0,5.802894
63,146,32,49100.0,53860.0,-2631.48944092,0.0,3.488368
63,146,33,49100.0,53860.0,-2635.91479492,2.0,6.159898
63,146,34,49100.0,53860.0,-2640.34017944,1.0,7.188373
63,146,35,49100.0,53860.0,-2644.76550293,2.0,6.813643
63,146,36,49100.0,53860.0,-2649.19085693,2.0,12.185124
63,146,37,49100.0,53860.0,-2653.61621094,0.0,0.0
63,146,38,49100.0,53860.0,-2658.04156494,0.0,0.426453
64,153,32,49140.0,54140.0,-2618.32791138,1.0,1.464957
64,153,33,49140.0,54140.0,-2622.70742798,1.0,3.040928
64,153,34,49140.0,54140.0,-2627.0869751,1.0,1.675534
64,153,35,49140.0,54140.0,-2631.4664917,3.0,6.751095
64,153,36,49140.0,54140.0,-2635.84603882,3.0,20.012312
64,153,37,49140.0,54140.0,-2640.22558594,0.0,5.613482
64,153,38,49140.0,54140.0,-2644.60507202,0.0,0.0
65,85,32,49180.0,51420.0,-2726.5567627,0.0,1.662148
65,85,33,49180.0,51420.0,-2731.80368042,0.0,2.93167
65,85,34,49180.0,51420.0,-2737.05050659,2.0,7.249904
65,85,35,49180.0,51420.0,-2742.2973938,2.0,4.873059
65,85,36,49180.0,51420.0,-2747.54434204,2.0,11.232849
65,129,32,49180.0,53180.0,-2693.27731323,0.0,0.0
65,129,33,49180.0,53180.0,-2697.98718262,0.0,0.0
65,129,34,49180.0,53180.0,-2702.69702148,1.0,4.128785
65,129,35,49180.0,53180.0,-2707.40692139,3.0,17.61223
65,129,36,49180.0,53180.0,-2712.11682129,1.0,11.324658
65,129,37,49180.0,53180.0,-2716.82669067,0.0,0.0
65,129,38,49180.0,53180.0,-2721.53659058,1.0,6.079979
65,136,32,49180.0,53460.0,-2688.1835022,1.0,9.554686
65,136,33,49180.0,53460.0,-2693.05700684,1.0,2.386466
65,136,34,49180.0,53460.0,-2697.93051147,1.0,5.010056
65,136,35,49180.0,53460.0,-2702.80401611,3.0,10.397791
65,136,36,49180.0,53460.0,-2707.67755127,1.0,4.787706
65,136,37,49180.0,53460.0,-2712.55105591,3.0,3.716061
65,136,38,49180.0,53460.0,-2717.42456055,0.0,6.346417
65,150,37,49180.0,54020.0,-2649.6852417,0.0,10.853428
65,150,38,49180.0,54020.0,-2653.98831177,0.0,0.0
66,57,32,49220.0,50300.0,-2808.99765015,2.0,16.050423
66,57,33,49220.0,50300.0,-2813.21035767,2.0,19.422634
66,57,34,49220.0,50300.0,-2817.42306519,2.0,15.254629
66,57,35,49220.0,50300.0,-2821.63577271,1.0,16.998991
66,57,36,49220.0,50300.0,-2825.84848022,3.0,7.328647
66,57,37,49220.0,50300.0,-2830.06112671,1.0,0.0
66,57,38,49220.0,50300.0,-2834.27383423,1.0,18.464731
66,91,32,49220.0,51660.0,-2661.52432251,0.0,2.514479
66,91,33,49220.0,51660.0,-2665.94815063,0.0,6.434985
66,91,34,49220.0,51660.0,-2670.37197876,1.0,11.894451
66,91,35,49220.0,51660.0,-2674.79577637,1.0,9.859084
66,91,36,49220.0,51660.0,-2679.21954346,3.0,23.104443
66,91,37,49220.0,51660.0,-2683.64331055,3.0,12.761134
66,91,38,49220.0,51660.0,-2688.06713867,3.0,11.951456
66,107,32,49220.0,52300.0,-2680.45663452,1.0,3.891964
66,107,33,49220.0,52300.0,-2684.39849854,2.0,5.220574
66,107,34,49220.0,52300.0,-2688.34033203,2.0,10.403204
66,107,35,49220.0,52300.0,-2692.28213501,1.0,2.163337
66,107,36,49220.0,52300.0,-2696.22399902,0.0,9.645254
66,107,37,49220.0,52300.0,-2700.16586304,3.0,12.798801
66,107,38,49220.0,52300.0,-2704.10772705,0.0,0.0
66,114,32,49220.0,52580.0,-2718.58007812,1.0,2.454844
66,114,33,49220.0,52580.0,-2724.16983032,0.0,0.0
66,114,34,49220.0,52580.0,-2729.759552,0.0,0.0
66,114,35,49220.0,52580.0,-2735.34927368,1.0,3.297953
66,114,36,49220.0,52580.0,-2740.93899536,3.0,16.738241
66,114,37,49220.0,52580.0,-2746.52871704,3.0,21.721821
66,114,38,49220.0,52580.0,-2752.11846924,3.0,3.868509
66,149,32,49220.0,53980.0,-2635.39862061,2.0,8.124884
66,149,33,49220.0,53980.0,-2639.64752197,1.0,2.568643
66,150,33,49220.0,54020.0,-2634.59188843,1.0,2.568643
66,150,34,49220.0,54020.0,-2639.21566772,3.0,12.662516
66,150,35,49220.0,54020.0,-2643.8394165,3.0,18.939642
66,150,36,49220.0,54020.0,-2648.46316528,1.0,3.366634
66,150,37,49220.0,54020.0,-2653.08688354,0.0,0.0
66,150,38,49220.0,54020.0,-2657.71066284,0.0,9.504286
66,154,32,49220.0,54180.0,-2634.86294556,0.0,0.0
66,154,33,49220.0,54180.0,-2639.37432861,0.0,0.0
66,154,34,49220.0,54180.0,-2643.88571167,0.0,4.073659
66,154,35,49220.0,54180.0,-2648.39706421,3.0,0.451344
66,154,36,49220.0,54180.0,-2652.90844727,0.0,22.578766
66,154,37,49220.0,54180.0,-2657.41983032,0.0,2.945073
66,154,38,49220.0,54180.0,-2661.93118286,0.0,0.0
67,79,38,49260.0,51180.0,-2701.09469604,0.0,5.510735
67,89,36,49260.0,51580.0,-2682.41439819,1.0,0.0
67,89,37,49260.0,51580.0,-2686.77157593,3.0,0.0
67,89,38,49260.0,51580.0,-2691.12866211,3.0,0.0
67,90,32,49260.0,51620.0,-2663.68560791,0.0,0.0
67,90,33,49260.0,51620.0,-2667.88140869,0.0,0.0
67,90,34,49260.0,51620.0,-2672.07717896,1.0,0.0
67,90,35,49260.0,51620.0,-2676.27294922,2.0,0.0
67,90,36,49260.0,51620.0,-2680.46878052,2.0,0.0
67,118,32,49260.0,52740.0,-2722.88369751,0.0,0.0
67,118,33,49260.0,52740.0,-2727.80383301,1.0,5.118536
67,118,34,49260.0,52740.0,-2732.72396851,1.0,3.536854
67,118,35,49260.0,52740.0,-2737.64413452,2.0,6.751854
67,118,36,49260.0,52740.0,-2742.56427002,2.0,10.271231
67,118,37,49260.0,52740.0,-2747.484375,2.0,24.937613
67,118,38,49260.0,52740.0,-2752.40457153,0.0,1.669025
67,158,32,49260.0,54340.0,-2632.03555298,2.0,9.990735
67,158,33,49260.0,54340.0,-2636.42474365,2.0,0.0
67,158,34,49260.0,54340.0,-2640.8140564,0.0,0.0
67,158,35,49260.0,54340.0,-2645.20333862,3.0,1.942964
67,158,36,49260.0,54340.0,-2649.59255981,0.0,19.779823
67,158,37,49260.0,54340.0,-2653.98175049,1.0,0.0
67,161,32,49260.0,54460.0,-2619.8678894,1.0,0.0
67,161,33,49260.0,54460.0,-2624.17727661,2.0,0.0
67,161,34,49260.0,54460.0,-2628.4866333,1.0,0.0
67,161,35,49260.0,54460.0,-2632.79598999,3.0,0.0
67,161,36,49260.0,54460.0,-2637.1053772,1.0,0.0
67,161,37,49260.0,54460.0,-2641.41479492,1.0,0.0
67,161,38,49260.0,54460.0,-2645.72418213,0.0,0.0
68,55,34,49300.0,50220.0,-2839.6729126,0.0,0.0
68,55,35,49300.0,50220.0,-2843.64297485,3.0,0.0
68,55,36,49300.0,50220.0,-2847.61303711,3.0,4.290065
68,55,37,49300.0,50220.0,-2851.58309937,0.0,24.496916
68,55,38,49300.0,50220.0,-2855.55319214,0.0,0.0
68,55,39,49300.0,50220.0,-2859.52325439,0.0,0.0
68,55,40,49300.0,50220.0,-2863.49325562,0.0,0.0
68,72,38,49300.0,50900.0,-2740.42251587,1.0,3.246738
68,72,50,49300.0,50900.0,-2774.39419556,1.0,14.416039
68,77,33,49300.0,51100.0,-2742.5843811,0.0,0.0
68,77,34,49300.0,51100.0,-2747.59011841,3.0,0.0
68,77,35,49300.0,51100.0,-2752.59579468,2.0,0.0
68,78,32,49300.0,51140.0,-2742.47323608,0.0,10.82643
68,78,33,49300.0,51140.0,-2747.28057861,0.0,0.0
68,81,32,49300.0,51260.0,-2694.8291626,0.0,0.0
68,81,33,49300.0,51260.0,-2699.80340576,0.0,2.779732
68,81,34,49300.0,51260.0,-2704.77758789,1.0,4.971256
68,81,35,49300.0,51260.0,-2709.75180054,2.0,8.793947
68,81,36,49300.0,51260.0,-2714.7260437,0.0,0.0
68,81,37,49300.0,51260.0,-2719.70025635,1.0,9.692309
68,81,38,49300.0,51260.0,-2724.67446899,0.0,0.0
68,100,32,49300.0,52020.0,-2675.98733521,0.0,0.0
68,100,33,49300.0,52020.0,-2681.2878418,0.0,0.0
68,100,34,49300.0,52020.0,-2686.58837891,1.0,1.774018
68,100,35,49300.0,52020.0,-2691.88894653,1.0,3.515349
68,100,36,49300.0,52020.0,-2697.18951416,1.0,0.0
68,100,37,49300.0,52020.0,-2702.49002075,2.0,5.434338
68,100,38,49300.0,52020.0,-2707.79055786,0.0,4.460033
69,61,32,49340.0,50460.0,-2742.95635986,2.0,5.287449
69,61,33,49340.0,50460.0,-2748.17163086,1.0,10.555667
69,61,34,49340.0,50460.0,-2753.38690186,3.0,9.791078
69,61,35,49340.0,50460.0,-2758.60223389,2.0,3.977991
69,61,36,49340.0,50460.0,-2763.81756592,1.0,4.638326
69,61,37,49340.0,50460.0,-2769.03286743,2.0,6.588876
69,61,38,49340.0,50460.0,-2774.24819946,0.0,0.0
69,68,32,49340.0,50740.0,-2723.73501587,0.0,11.168084
69,68,33,49340.0,50740.0,-2727.37658691,0.0,9.332067
69,68,34,49340.0,50740.0,-2731.01818848,0.0,10.19913
69,68,35,49340.0,50740.0,-2734.659729,0.0,0.0
69,68,36,49340.0,50740.0,-2738.30123901,0.0,0.0
69,68,37,49340.0,50740.0,-2741.94277954,3.0,0.0
69,68,38,49340.0,50740.0,-2745.58435059,0.0,0.0
69,78,32,49340.0,51140.0,-2749.0291748,0.0,10.82643
69,80,32,49340.0,51220.0,-2687.27081299,1.0,11.102069
69,80,33,49340.0,51220.0,-2691.49029541,0.0,4.82435
69,80,34,49340.0,51220.0,-2695.70977783,2.0,6.84631
69,80,35,49340.0,51220.0,-2699.92932129,2.0,7.4805
69,80,36,49340.0,51220.0,-2704.14883423,2.0,14.921019
69,80,37,49340.0,51220.0,-2708.36828613,1.0,3.960968
69,142,32,49340.0,53700.0,-2699.40896606,2.0,14.479723
69,142,33,49340.0,53700.0,-2704.48614502,1.0,8.366161
69,142,34,49340.0,53700.0,-2709.56329346,0.0,4.859718
69,142,35,49340.0,53700.0,-2714.64047241,3.0,11.991344
69,142,36,49340.0,53700.0,-2719.71768188,2.0,4.324611
69,142,37,49340.0,53700.0,-2724.79483032,0.0,10.281302
69,142,38,49340.0,53700.0,-2729.87194824,0.0,0.0
70,89,35,49380.0,51580.0,-2678.78570557,2.0,0.0
70,89,36,49380.0,51580.0,-2682.94219971,0.0,0.0
70,89,37,49380.0,51580.0,-2687.09869385,2.0,10.532099
70,89,38,49380.0,51580.0,-2691.25524902,0.0,12.498114
70,93,32,49380.0,51740.0,-2649.09597778,0.0,0.0
70,93,33,49380.0,51740.0,-2654.35739136,1.0,0.0
70,93,34,49380.0,51740.0,-2659.61871338,3.0,1.329497
70,129,32,49380.0,53180.0,-2739.09979248,1.0,2.695875
70,129,33,49380.0,53180.0,-2743.60577393,1.0,3.126043
70,129,34,49380.0,53180.0,-2748.11178589,0.0,0.0
70,129,35,49380.0,53180.0,-2752.61779785,3.0,7.590764
70,129,36,49380.0,53180.0,-2757.12380981,0.0,9.99222
70,136,32,49380.0,53460.0,-2721.82449341,2.0,6.169824
70,136,33,49380.0,53460.0,-2727.40066528,2.0,1.588662
70,136,34,49380.0,53460.0,-2732.97686768,1.0,1.431812
70,136,35,49380.0,53460.0,-2738.55307007,3.0,0.0
70,136,36,49380.0,53460.0,-2744.12927246,1.0,0.0
70,136,37,49380.0,53460.0,-2749.70544434,0.0,0.0
70,160,32,49380.0,54420.0,-2663.55822754,1.0,7.064947
70,160,33,49380.0,54420.0,-2668.19958496,3.0,13.162359
70,160,34,49380.0,54420.0,-2672.8409729,1.0,2.530211
70,160,35,49380.0,54420.0,-2677.48236084,3.0,16.041964
70,160,36,49380.0,54420.0,-2682.1237793,3.0,20.10041
70,160,37,49380.0,54420.0,-2686.76516724,1.0,4.686285
70,160,38,49380.0,54420.0,-2691.40652466,0.0,4.807158
71,89,33,49420.0,51580.0,-2672.60482788,0.0,0.0
71,89,34,49420.0,51580.0,-2676.81295776,2.0,6.450023
71,89,35,49420.0,51580.0,-2681.02108765,1.0,0.0
71,90,32,49420.0,51620.0,-2667.34936523,0.0,16.564911
71,93,34,49420.0,51740.0,-2660.24630737,3.0,1.329497
71,93,35,49420.0,51740.0,-2665.15872192,2.0,6.575103
71,93,36,49420.0,51740.0,-2670.24942017,2.0,23.40391
71,95,32,49420.0,51820.0,-2662.13595581,0.0,0.0
71,95,33,49420.0,51820.0,-2667.28500366,0.0,0.0
71,95,34,49420.0,51820.0,-2672.43408203,2.0,7.662328
71,95,35,49420.0,51820.0,-2677.58309937,1.0,3.479307
71,95,36,49420.0,51820.0,-2682.73214722,1.0,0.0
71,95,37,49420.0,51820.0,-2687.8812561,1.0,10.000591
71,95,38,49420.0,51820.0,-2693.03030396,0.0,5.199431
71,101,32,49420.0,52060.0,-2678.69116211,0.0,0.0
71,101,33,49420.0,52060.0,-2684.07077026,0.0,8.609938
71,101,34,49420.0,52060.0,-2689.45043945,1.0,1.959083
71,101,35,49420.0,52060.0,-2694.83007812,2.0,4.303229
71,101,36,49420.0,52060.0,-2700.2097168,2.0,10.736835
71,101,37,49420.0,52060.0,-2705.58938599,1.0,6.310881
71,101,38,49420.0,52060.0,-2710.96902466,0.0,6.137681
71,102,38,49420.0,52100.0,-2712.37438965,0.0,6.137681
72,90,32,49460.0,51620.0,-2670.6255188,1.0,0.0
72,90,33,49460.0,51620.0,-2675.57873535,0.0,0.0
72,109,32,49460.0,52380.0,-2714.0546875,0.0,0.0
72,109,33,49460.0,52380.0,-2719.30084229,0.0,2.766581
72,109,34,49460.0,52380.0,-2724.54696655,1.0,4.035408
72,109,35,49460.0,52380.0,-2729.79315186,3.0,5.465574
72,109,36,49460.0,52380.0,-2735.03933716,0.0,9.095233
72,109,37,49460.0,52380.0,-2740.28552246,1.0,0.0
72,109,38,49460.0,52380.0,-2745.53170776,0.0,3.562983
72,146,32,49460.0,53860.0,-2723.53823853,1.0,4.022848
72,146,33,49460.0,53860.0,-2728.51818848,1.0,8.275625
72,146,34,49460.0,53860.0,-2733.49810791,0.0,2.188493
72,146,35,49460.0,53860.0,-2738.47805786,3.0,12.780455
72,146,36,49460.0,53860.0,-2743.45797729,3.0,23.550241
72,146,37,49460.0,53860.0,-2748.43792725,0.0,1.611611
72,146,38,49460.0,53860.0,-2753.4178772,0.0,0.0
72,164,32,49460.0,54580.0,-2671.41009521,1.0,6.17629
72,164,33,49460.0,54580.0,-2676.01638794,2.0,10.614369
72,164,34,49460.0,54580.0,-2680.62265015,1.0,1.729097
72,164,35,49460.0,54580.0,-2685.22897339,3.0,16.74995
72,164,36,49460.0,54580.0,-2689.83532715,3.0,18.753389
72,164,37,49460.0,54580.0,-2694.44161987,2.0,8.526815
72,164,38,49460.0,54580.0,-2699.0479126,0.0,0.0
73,103,32,49500.0,52140.0,-2683.41107178,1.0,5.13712
73,103,33,49500.0,52140.0,-2688.73626709,0.0,2.41138
73,103,34,49500.0,52140.0,-2694.06143188,1.0,7.0363
73,103,35,49500.0,52140.0,-2699.38656616,2.0,9.783411
73,103,36,49500.0,52140.0,-2704.71170044,1.0,10.256219
73,103,37,49500.0,52140.0,-2710.03683472,2.0,6.425147
73,103,38,49500.0,52140.0,-2715.36203003,0.0,0.0
73,155,32,49500.0,54220.0,-2707.49227905,0.0,3.323131
73,155,33,49500.0,54220.0,-2713.08932495,1.0,0.234291
73,155,34,49500.0,54220.0,-2718.68637085,3.0,12.133017
73,155,35,49500.0,54220.0,-2724.28338623,3.0,18.799585
73,155,36,49500.0,54220.0,-2729.88040161,1.0,0.0
73,155,37,49500.0,54220.0,-2735.47741699,0.0,1.810614
73,155,38,49500.0,54220.0,-2741.07443237,0.0,11.127018
74,117,32,49540.0,52700.0,-2721.16271973,1.0,0.0
74,117,33,49540.0,52700.0,-2726.35742188,1.0,0.0
74,117,34,49540.0,52700.0,-2731.55218506,0.0,0.0
74,117,35,49540.0,52700.0,-2736.74700928,1.0,0.0
74,117,36,49540.0,52700.0,-2741.94174194,2.0,0.0
74,117,37,49540.0,52700.0,-2747.13647461,1.0,0.0
74,117,38,49540.0,52700.0,-2752.33129883,0.0,0.0
74,169,32,49540.0,54780.0,-2685.9083252,0.0,0.00607
74,169,33,49540.0,54780.0,-2690.2331543,2.0,11.390709
74,169,34,49540.0,54780.0,-2694.55792236,0.0,0.0
74,169,35,49540.0,54780.0,-2698.88278198,1.0,7.735088
74,169,36,49540.0,54780.0,-2703.2076416,3.0,15.409004
74,169,37,49540.0,54780.0,-2707.5324707,3.0,6.416684
74,169,38,49540.0,54780.0,-2711.8572998,0.0,2.09099
75,83,32,49580.0,51340.0,-2753.27853394,0.0,7.144682
75,83,33,49580.0,51340.0,-2757.91436768,0.0,1.915737
75,83,34,49580.0,51340.0,-2762.55020142,0.0,4.989956
75,83,35,49580.0,51340.0,-2767.18603516,0.0,0.0
75,83,36,49580.0,51340.0,-2771.8218689,0.0,0.0
75,83,37,49580.0,51340.0,-2776.45770264,0.0,0.0
75,83,38,49580.0,51340.0,-2781.09359741,0.0,0.0
75,98,32,49580.0,51940.0,-2668.00839233,1.0,0.0
75,98,33,49580.0,51940.0,-2673.39770508,0.0,8.760983
75,98,34,49580.0,51940.0,-2678.78704834,1.0,8.073669
75,98,35,49580.0,51940.0,-2684.1763916,2.0,7.612868
75,98,36,49580.0,51940.0,-2689.56573486,2.0,10.909398
75,98,37,49580.0,51940.0,-2694.95507812,2.0,6.045661
75,98,38,49580.0,51940.0,-2700.34436035,0.0,3.371448
75,102,32,49580.0,52100.0,-2679.07492065,1.0,4.31437
75,102,33,49580.0,52100.0,-2684.97357178,1.0,0.0
75,102,34,49580.0,52100.0,-2690.87219238,0.0,3.635528
75,102,35,49580.0,52100.0,-2696.77078247,1.0,7.514791
75,102,36,49580.0,52100.0,-2702.66937256,2.0,5.403388
75,102,37,49580.0,52100.0,-2708.56796265,2.0,8.052273
75,102,38,49580.0,52100.0,-2714.46655273,0.0,9.285102
75,138,32,49580.0,53540.0,-2766.31948853,2.0,9.692619
75,138,33,49580.0,53540.0,-2771.41079712,1.0,3.702147
75,138,34,49580.0,53540.0,-2776.50204468,0.0,5.737598
75,138,35,49580.0,53540.0,-2781.59335327,3.0,4.004938
75,138,36,49580.0,53540.0,-2786.6847229,3.0,13.491883
75,138,37,49580.0,53540.0,-2791.77609253,0.0,0.0
75,138,38,49580.0,53540.0,-2796.86743164,1.0,4.055143
75,174,32,49580.0,54980.0,-2683.25512695,0.0,3.948619
75,174,33,49580.0,54980.0,-2687.39971924,1.0,10.416761
75,174,34,49580.0,54980.0,-2691.54434204,1.0,20.605801
75,174,35,49580.0,54980.0,-2695.68893433,3.0,9.787765
75,174,36,49580.0,54980.0,-2699.83355713,3.0,0.0
75,174,37,49580.0,54980.0,-2703.97821045,0.0,0.0
75,174,38,49580.0,54980.0,-2708.12283325,0.0,19.012039
76,93,32,49620.0,51740.0,-2663.06866455,1.0,3.004416
76,93,33,49620.0,51740.0,-2667.72027588,1.0,0.0
76,93,34,49620.0,51740.0,-2672.37191772,1.0,3.137675
76,93,35,49620.0,51740.0,-2677.02352905,3.0,4.157011
76,93,36,49620.0,51740.0,-2681.67510986,3.0,22.242643
76,93,37,49620.0,51740.0,-2686.32669067,3.0,11.872108
76,93,38,49620.0,51740.0,-2690.978302,0.0,4.65862
76,143,32,49620.0,53740.0,-2756.82113647,1.0,2.894751
76,143,33,49620.0,53740.0,-2762.10287476,1.0,1.544978
76,143,34,49620.0,53740.0,-2767.38461304,0.0,2.732131
76,143,35,49620.0,53740.0,-2772.66635132,3.0,12.561042
76,143,36,49620.0,53740.0,-2777.9480896,0.0,0.0
76,143,37,49620.0,53740.0,-2783.22982788,0.0,7.644596
76,143,38,49620.0,53740.0,-2788.51159668,0.0,0.0
77,89,38,49660.0,51580.0,-2723.72052002,2.0,6.596629
77,92,32,49660.0,51700.0,-2670.65618896,0.0,1.391709
77,92,33,49660.0,51700.0,-2675.72436523,0.0,13.800971
77,92,34,49660.0,51700.0,-2680.7925415,1.0,5.411341
77,92,35,49660.0,51700.0,-2685.86065674,0.0,9.818309
77,92,36,49660.0,51700.0,-2690.92877197,3.0,0.0
77,92,37,49660.0,51700.0,-2695.99688721,1.0,0.0
77,92,38,49660.0,51700.0,-2701.06506348,0.0,10.668501
77,93,32,49660.0,51740.0,-2664.10968018,0.0,0.0
77,93,33,49660.0,51740.0,-2668.92385864,0.0,0.0
77,93,34,49660.0,51740.0,-2673.73803711,0.0,0.0
77,93,35,49660.0,51740.0,-2678.55215454,0.0,0.0
77,93,36,49660.0,51740.0,-2683.36627197,3.0,22.749256
77,93,37,49660.0,51740.0,-2688.18035889,3.0,19.029509
77,93,38,49660.0,51740.0,-2692.99450684,0.0,4.342919
77,94,32,49660.0,51780.0,-2660.59118652,0.0,0.0
77,94,33,49660.0,51780.0,-2665.55117798,0.0,0.0
77,94,34,49660.0,51780.0,-2670.51116943,1.0,0.0
77,94,35,49660.0,51780.0,-2675.47113037,0.0,2.575437
77,94,36,49660.0,51780.0,-2680.43109131,3.0,1.655099
77,94,37,49660.0,51780.0,-2685.39108276,3.0,21.570356
77,94,38,49660.0,51780.0,-2690.35107422,0.0,15.013391
77,113,32,49660.0,52540.0,-2719.50195312,1.0,0.0
77,123,32,49660.0,52940.0,-2763.82800293,0.0,0.0
77,123,33,49660.0,52940.0,-2769.50097656,0.0,0.0
77,123,34,49660.0,52940.0,-2775.17391968,0.0,0.0
77,123,35,49660.0,52940.0,-2780.84689331,0.0,0.0
77,123,36,49660.0,52940.0,-2786.51992798,3.0,4.247829
77,123,37,49660.0,52940.0,-2792.19290161,0.0,21.209522
77,123,38,49660.0,52940.0,-2797.86587524,0.0,0.958091
77,177,36,49660.0,55100.0,-2708.23876953,3.0,0.0
77,177,37,49660.0,55100.0,-2712.20593262,0.0,0.0
77,177,38,49660.0,55100.0,-2716.17303467,1.0,0.0
78,63,33,49700.0,50540.0,-2776.94143677,0.0,0.0
78,63,34,49700.0,50540.0,-2781.70526123,0.0,0.0
78,63,35,49700.0,50540.0,-2786.46914673,0.0,0.0
78,63,36,49700.0,50540.0,-2791.23303223,3.0,0.0
78,63,37,49700.0,50540.0,-2795.99691772,3.0,13.182947
78,63,38,49700.0,50540.0,-2800.76083374,0.0,12.614723
78,71,32,49700.0,50860.0,-2733.85455322,0.0,0.0
78,71,33,49700.0,50860.0,-2737.75628662,0.0,0.0
78,71,34,49700.0,50860.0,-2741.6579895,3.0,0.0
78,71,35,49700.0,50860.0,-2745.55969238,0.0,0.0
78,71,36,49700.0,50860.0,-2749.46142578,3.0,0.0
78,71,37,49700.0,50860.0,-2753.36306763,3.0,0.0
78,71,38,49700.0,50860.0,-2757.26470947,3.0,0.0
78,101,38,49700.0,52060.0,-2712.47177124,0.0,4.565757
78,102,32,49700.0,52100.0,-2679.9984436,3.0,9.755861
78,102,33,49700.0,52100.0,-2685.9881897,2.0,2.90248
78,102,34,49700.0,52100.0,-2691.97790527,2.0,1.121954
78,102,35,49700.0,52100.0,-2697.96762085,2.0,4.222094
78,102,36,49700.0,52100.0,-2703.95736694,3.0,7.299411
78,102,37,49700.0,52100.0,-2709.94714355,2.0,5.67683
78,102,38,49700.0,52100.0,-2715.93685913,0.0,4.565757
78,122,32,49700.0,52900.0,-2758.57870483,2.0,12.569706
78,122,33,49700.0,52900.0,-2763.80236816,2.0,3.906796
78,122,34,49700.0,52900.0,-2769.02600098,0.0,0.0
78,122,35,49700.0,52900.0,-2774.24966431,0.0,4.422703
78,122,36,49700.0,52900.0,-2779.47332764,1.0,5.972375
78,122,37,49700.0,52900.0,-2784.69696045,0.0,4.206858
78,122,38,49700.0,52900.0,-2789.92059326,0.0,0.0
78,133,32,49700.0,53340.0,-2777.2104187,1.0,8.722466
78,133,33,49700.0,53340.0,-2783.03259277,1.0,4.145131
78,133,34,49700.0,53340.0,-2788.85470581,0.0,0.0
78,133,35,49700.0,53340.0,-2794.67681885,3.0,16.120848
78,133,36,49700.0,53340.0,-2800.4989624,0.0,8.190493
78,133,37,49700.0,53340.0,-2806.32113647,1.0,1.851172
78,133,38,49700.0,53340.0,-2812.14328003,0.0,0.605226
79,118,32,49740.0,52740.0,-2737.51266479,1.0,7.087296
79,118,33,49740.0,52740.0,-2743.24264526,1.0,6.153361
79,118,34,49740.0,52740.0,-2748.9725647,2.0,8.417077
79,118,35,49740.0,52740.0,-2754.7024231,2.0,2.020984
79,118,36,49740.0,52740.0,-2760.43237305,0.0,7.726222
79,118,37,49740.0,52740.0,-2766.16235352,1.0,1.383937
79,118,38,49740.0,52740.0,-2771.89227295,0.0,1.224699
79,151,32,49740.0,54060.0,-2767.34585571,1.0,10.344638
79,151,33,49740.0,54060.0,-2771.94955444,0.0,0.0
79,151,34,49740.0,54060.0,-2776.55334473,3.0,9.238616
79,151,35,49740.0,54060.0,-2781.15710449,1.0,6.636631
79,152,35,49740.0,54100.0,-2778.33468628,1.0,6.636631
79,152,36,49740.0,54100.0,-2783.04949951,2.0,4.160222
79,152,37,49740.0,54100.0,-2787.76437378,1.0,7.200985
79,152,38,49740.0,54100.0,-2792.47924805,1.0,3.011696
80,88,32,49780.0,51540.0,-2775.54110718,0.0,4.465054
80,88,33,49780.0,51540.0,-2781.45965576,2.0,7.24923
80,88,34,49780.0,51540.0,-2787.37817383,1.0,9.23592
80,88,35,49780.0,51540.0,-2790.48318481,1.0,0.0
80,146,32,49780.0,53860.0,-2790.06784058,1.0,8.318619
80,146,33,49780.0,53860.0,-2794.39382935,1.0,0.0
80,146,34,49780.0,53860.0,-2798.71981812,0.0,6.273121
80,146,35,49780.0,53860.0,-2803.04577637,3.0,0.0
80,146,36,49780.0,53860.0,-2807.37167358,0.0,0.0
80,146,37,49780.0,53860.0,-2811.69763184,0.0,0.0
80,146,38,49780.0,53860.0,-2816.02359009,0.0,0.0
80,157,32,49780.0,54300.0,-2754.77810669,2.0,11.75777
80,157,33,49780.0,54300.0,-2759.80343628,2.0,8.767418
80,157,34,49780.0,54300.0,-2764.82879639,0.0,0.0
80,157,35,49780.0,54300.0,-2769.85418701,3.0,9.573211
80,157,36,49780.0,54300.0,-2774.87957764,1.0,3.472375
80,157,37,49780.0,54300.0,-2779.90496826,1.0,4.720577
80,157,38,49780.0,54300.0,-2784.93032837,1.0,3.503452
80,170,32,49780.0,54820.0,-2739.71359253,1.0,7.069438
80,170,33,49780.0,54820.0,-2744.25964355,1.0,6.534578
80,170,34,49780.0,54820.0,-2748.80569458,0.0,0.0
80,170,35,49780.0,54820.0,-2753.35177612,1.0,4.328261
80,170,36,49780.0,54820.0,-2757.89779663,2.0,5.251371
80,170,37,49780.0,54820.0,-2762.44381714,2.0,2.756337
80,170,38,49780.0,54820.0,-2766.98986816,0.0,1.975156
80,176,32,49780.0,55060.0,-2721.41357422,2.0,1.609171
80,176,33,49780.0,55060.0,-2726.75784302,1.0,14.355173
80,176,34,49780.0,55060.0,-2732.10214233,3.0,8.649353
80,176,35,49780.0,55060.0,-2737.44641113,3.0,3.20009
80,176,36,49780.0,55060.0,-2742.79064941,2.0,12.820696
80,176,37,49780.0,55060.0,-2748.13491821,0.0,22.252146
80,176,38,49780.0,55060.0,-2753.47921753,3.0,10.267903
81,96,32,49820.0,51860.0,-2674.30480957,0.0,0.0
81,96,33,49820.0,51860.0,-2680.11123657,0.0,0.0
81,96,34,49820.0,51860.0,-2685.91766357,0.0,0.0
81,96,35,49820.0,51860.0,-2691.43212891,0.0,5.070389
81,96,36,49820.0,51860.0,-2694.58032227,0.0,6.730706
81,96,37,49820.0,51860.0,-2698.28060913,0.0,4.559168
81,96,38,49820.0,51860.0,-2704.60736084,2.0,10.118976
81,96,39,49820.0,51860.0,-2710.93408203,0.0,13.197446
81,105,32,49820.0,52220.0,-2683.28842163,2.0,2.687166
81,105,33,49820.0,52220.0,-2689.22897339,0.0,6.212156
81,105,34,49820.0,52220.0,-2695.16952515,0.0,1.885368
81,105,35,49820.0,52220.0,-2701.11001587,1.0,2.01624
81,105,36,49820.0,52220.0,-2707.05050659,2.0,3.098355
81,105,37,49820.0,52220.0,-2712.99108887,2.0,6.199881
81,105,38,49820.0,52220.0,-2718.93164062,0.0,2.269094
81,162,35,49820.0,54500.0,-2765.44552612,3.0,11.195188
81,162,36,49820.0,54500.0,-2770.74139404,2.0,4.475077
81,162,37,49820.0,54500.0,-2776.03726196,2.0,7.577294
81,162,38,49820.0,54500.0,-2781.33319092,0.0,0.0
81,163,32,49820.0,54540.0,-2748.0864563,1.0,10.81139
81,163,33,49820.0,54540.0,-2753.27819824,2.0,4.445445
81,163,34,49820.0,54540.0,-2758.47000122,0.0,3.36876
81,163,35,49820.0,54540.0,-2763.6618042,3.0,11.195188
82,180,32,49860.0,55220.0,-2723.20016479,1.0,8.414687
82,180,33,49860.0,55220.0,-2727.38577271,1.0,15.485429
82,180,34,49860.0,55220.0,-2731.57141113,3.0,7.340157
82,180,35,49860.0,55220.0,-2735.75704956,3.0,2.626119
82,180,36,49860.0,55220.0,-2739.94265747,1.0,10.965691
82,180,37,49860.0,55220.0,-2744.1282959,1.0,9.007611
82,180,38,49860.0,55220.0,-2748.31396484,3.0,15.589043
82,181,36,49860.0,55260.0,-2745.44485474,0.0,0.0
82,181,37,49860.0,55260.0,-2748.51092529,1.0,1.629026
82,181,38,49860.0,55260.0,-2751.57696533,0.0,2.819642
83,126,32,49900.0,53060.0,-2772.82095337,2.0,10.703212
83,126,33,49900.0,53060.0,-2778.36557007,1.0,3.832371
83,126,34,49900.0,53060.0,-2783.91009521,0.0,0.0
83,126,35,49900.0,53060.0,-2789.4546814,0.0,0.0
83,126,36,49900.0,53060.0,-2794.99923706,0.0,0.0
83,126,37,49900.0,53060.0,-2800.54379272,3.0,2.471584
83,126,38,49900.0,53060.0,-2806.08837891,3.0,14.111274
83,127,32,49900.0,53100.0,-2777.72381592,1.0,1.777457
83,127,33,49900.0,53100.0,-2783.38394165,1.0,6.927635
83,127,34,49900.0,53100.0,-2789.04400635,1.0,2.783759
83,127,35,49900.0,53100.0,-2794.70404053,0.0,0.0
83,127,36,49900.0,53100.0,-2800.36410522,2.0,4.179756
83,127,37,49900.0,53100.0,-2806.02420044,0.0,1.960762
83,127,38,49900.0,53100.0,-2811.68426514,1.0,11.936001
84,74,32,49940.0,50980.0,-2734.36038208,0.0,0.0
84,74,33,49940.0,50980.0,-2737.70565796,0.0,16.118587
84,74,34,49940.0,50980.0,-2741.05093384,2.0,15.580016
84,74,35,49940.0,50980.0,-2744.3961792,3.0,6.771427
84,74,36,49940.0,50980.0,-2747.74145508,3.0,19.733152
84,74,37,49940.0,50980.0,-2751.08673096,3.0,8.239841
84,74,38,49940.0,50980.0,-2754.43197632,0.0,0.0
85,93,32,49980.0,51740.0,-2706.31149292,1.0,0.0
85,93,33,49980.0,51740.0,-2711.87936401,1.0,0.0
85,93,34,49980.0,51740.0,-2717.44720459,0.0,0.0
85,93,35,49980.0,51740.0,-2723.01504517,0.0,0.0
85,93,36,49980.0,51740.0,-2728.58291626,0.0,0.0
85,93,37,49980.0,51740.0,-2734.15081787,0.0,0.0
85,93,38,49980.0,51740.0,-2739.71868896,1.0,0.0
85,98,32,49980.0,51940.0,-2685.98928833,1.0,1.914663
85,98,33,49980.0,51940.0,-2691.51727295,1.0,0.0
85,98,34,49980.0,51940.0,-2697.04525757,1.0,1.103025
85,98,35,49980.0,51940.0,-2702.57324219,3.0,4.760134
85,98,36,49980.0,51940.0,-2708.10122681,3.0,11.22498
85,98,37,49980.0,51940.0,-2713.62924194,1.0,0.725653
85,98,38,49980.0,51940.0,-2719.15722656,2.0,9.691495
85,151,32,49980.0,54060.0,-2803.14535522,3.0,10.15477
85,151,33,49980.0,54060.0,-2808.07128906,3.0,9.489065
85,151,34,49980.0,54060.0,-2812.99725342,0.0,0.0
85,151,35,49980.0,54060.0,-2817.92321777,1.0,5.773432
85,151,36,49980.0,54060.0,-2822.84918213,0.0,2.290688
85,151,37,49980.0,54060.0,-2827.77514648,0.0,0.0
85,151,38,49980.0,54060.0,-2832.70108032,0.0,0.0
85,176,32,49980.0,55060.0,-2761.55123901,1.0,7.231662
85,176,33,49980.0,55060.0,-2766.87875366,1.0,4.707214
85,176,34,49980.0,55060.0,-2772.20623779,0.0,2.940757
85,176,35,49980.0,55060.0,-2777.53375244,1.0,11.666985
85,176,36,49980.0,55060.0,-2782.86126709,3.0,4.187122
85,176,37,49980.0,55060.0,-2788.18878174,3.0,0.0
85,176,38,49980.0,55060.0,-2793.51626587,1.0,0.0
86,106,32,50020.0,52260.0,-2685.75622559,1.0,10.164946
86,106,33,50020.0,52260.0,-2690.74560547,1.0,4.504628
86,106,34,50020.0,52260.0,-2695.73495483,1.0,2.110226
86,106,35,50020.0,52260.0,-2700.7243042,1.0,0.0
86,106,36,50020.0,52260.0,-2705.71368408,1.0,3.97619
86,106,37,50020.0,52260.0,-2710.70306396,2.0,2.167738
86,106,38,50020.0,52260.0,-2715.69241333,0.0,1.68303
86,134,33,50020.0,53380.0,-2803.43273926,1.0,0.0
86,134,34,50020.0,53380.0,-2810.83288574,1.0,0.0
86,135,32,50020.0,53420.0,-2798.35498047,2.0,0.0
86,135,33,50020.0,53420.0,-2805.6427002,1.0,0.0
86,173,32,50020.0,54940.0,-2778.71893311,0.0,0.0
86,173,33,50020.0,54940.0,-2783.3414917,1.0,3.922472
86,173,34,50020.0,54940.0,-2787.96405029,0.0,0.0
86,173,35,50020.0,54940.0,-2792.58660889,0.0,0.0
86,173,36,50020.0,54940.0,-2797.20913696,0.0,0.0
86,173,37,50020.0,54940.0,-2801.83169556,3.0,11.930456
86,173,38,50020.0,54940.0,-2806.45431519,0.0,0.0
86,180,32,50020.0,55220.0,-2761.18630981,1.0,3.17151
86,180,33,50020.0,55220.0,-2765.96514893,3.0,22.957531
86,180,34,50020.0,55220.0,-2770.74398804,0.0,0.931809
86,180,35,50020.0,55220.0,-2775.52285767,1.0,2.786438
86,180,36,50020.0,55220.0,-2780.30169678,1.0,1.379785
86,180,37,50020.0,55220.0,-2785.08053589,3.0,15.014352
86,180,38,50020.0,55220.0,-2789.85940552,0.0,9.198411
87,127,32,50060.0,53100.0,-2769.25244141,1.0,6.588208
87,127,33,50060.0,53100.0,-2775.55603027,3.0,11.759983
87,127,34,50060.0,53100.0,-2781.85955811,1.0,1.72564
87,127,35,50060.0,53100.0,-2788.16308594,0.0,7.726114
87,127,36,50060.0,53100.0,-2794.46664429,3.0,8.42194
87,127,37,50060.0,53100.0,-2800.77017212,0.0,0.0
87,127,38,50060.0,53100.0,-2807.07369995,0.0,0.0
87,160,35,50060.0,54420.0,-2814.16903687,0.0,0.0
87,160,36,50060.0,54420.0,-2818.87081909,3.0,7.269288
87,160,37,50060.0,54420.0,-2823.57266235,0.0,6.111023
87,160,38,50060.0,54420.0,-2828.2744751,0.0,0.0
88,72,32,50100.0,50900.0,-2747.66314697,0.0,0.0
88,72,33,50100.0,50900.0,-2752.91714478,0.0,13.374716
88,72,34,50100.0,50900.0,-2758.17111206,3.0,20.191492
88,72,35,50100.0,50900.0,-2763.13009644,0.0,0.0
88,72,36,50100.0,50900.0,-2766.7520752,1.0,0.0
90,145,32,50180.0,53820.0,-2830.76147461,1.0,0.0
90,145,33,50180.0,53820.0,-2835.83450317,2.0,0.0
90,145,34,50180.0,53820.0,-2840.90753174,1.0,0.0
90,145,35,50180.0,53820.0,-2845.98059082,3.0,0.0
92,138,32,50260.0,53540.0,-2802.60296631,2.0,11.628161
92,138,33,50260.0,53540.0,-2808.79666138,2.0,5.421432
92,138,34,50260.0,53540.0,-2814.99032593,0.0,0.0
92,138,35,50260.0,53540.0,-2821.18395996,3.0,12.18599
92,138,36,50260.0,53540.0,-2827.37765503,1.0,10.226636
92,138,37,50260.0,53540.0,-2833.5713501,3.0,17.391415
92,138,38,50260.0,53540.0,-2839.76501465,1.0,4.462912
94,102,32,50340.0,52100.0,-2704.52243042,0.0,2.833106
94,102,33,50340.0,52100.0,-2708.73001099,3.0,12.668956
94,102,34,50340.0,52100.0,-2712.93762207,1.0,5.704779
94,102,35,50340.0,52100.0,-2717.14520264,0.0,2.876405
94,102,36,50340.0,52100.0,-2721.35275269,2.0,0.0
94,102,37,50340.0,52100.0,-2725.56030273,2.0,0.0
100,131,32,50580.0,53260.0,-2717.24310303,1.0,14.33521
100,131,33,50580.0,53260.0,-2723.80718994,3.0,21.267111
100,131,34,50580.0,53260.0,-2730.37127686,3.0,21.102274
100,131,35,50580.0,53260.0,-2736.93533325,0.0,15.236461
100,131,36,50580.0,53260.0,-2743.49938965,2.0,19.75165
100,131,37,50580.0,53260.0,-2750.06344604,1.0,19.332888
100,131,38,50580.0,53260.0,-2756.62750244,0.0,19.517588
101,137,32,50620.0,53500.0,-2760.25601196,1.0,8.305237
101,137,33,50620.0,53500.0,-2766.7699585,2.0,14.3305
101,137,34,50620.0,53500.0,-2773.28387451,2.0,10.485261
101,137,35,50620.0,53500.0,-2779.79776001,1.0,5.302291
101,137,36,50620.0,53500.0,-2786.31161499,2.0,5.357769
101,137,37,50620.0,53500.0,-2792.82550049,2.0,10.292974
101,137,38,50620.0,53500.0,-2799.3394165,1.0,1.280536
101,141,32,50620.0,53660.0,-2779.49081421,2.0,7.810077
101,141,33,50620.0,53660.0,-2786.37231445,1.0,10.67247
101,141,34,50620.0,53660.0,-2793.2538147,2.0,7.931199
101,141,35,50620.0,53660.0,-2800.13531494,0.0,0.0
101,141,36,50620.0,53660.0,-2807.01678467,3.0,7.798334
101,141,37,50620.0,53660.0,-2813.89825439,3.0,23.903091
101,141,38,50620.0,53660.0,-2820.77978516,0.0,0.998646
102,96,32,50660.0,51860.0,-2866.61654663,0.0,0.0
102,96,33,50660.0,51860.0,-2871.18280029,3.0,0.0
102,96,34,50660.0,51860.0,-2875.74914551,2.0,0.0
102,96,35,50660.0,51860.0,-2880.31549072,0.0,0.0
102,96,36,50660.0,51860.0,-2884.8817749,0.0,0.0
102,96,37,50660.0,51860.0,-2889.44812012,3.0,0.0
102,96,38,50660.0,51860.0,-2894.01446533,0.0,0.0
103,158,32,50700.0,54340.0,-2830.54718018,2.0,11.740839
103,158,33,50700.0,54340.0,-2836.38018799,3.0,12.341942
103,158,34,50700.0,54340.0,-2842.2131958,3.0,7.01746
103,158,35,50700.0,54340.0,-2848.0461731,1.0,6.476321
103,158,36,50700.0,54340.0,-2853.87911987,2.0,9.394878
103,158,37,50700.0,54340.0,-2859.71212769,2.0,10.304717
103,158,38,50700.0,54340.0,-2865.5451355,0.0,1.370087
106,77,32,50820.0,51100.0,-2816.36029053,1.0,0.0
106,77,33,50820.0,51100.0,-2821.01113892,1.0,0.0
106,77,34,50820.0,51100.0,-2825.6619873,0.0,0.0
106,77,35,50820.0,51100.0,-2830.31283569,1.0,0.0
106,77,36,50820.0,51100.0,-2834.96365356,0.0,0.0
106,77,37,50820.0,51100.0,-2839.61447144,0.0,0.0
106,77,38,50820.0,51100.0,-2844.26528931,0.0,0.0
107,77,32,50860.0,51100.0,-2822.77160645,1.0,0.0
